"","ONTOLOGY","ID","Description","GeneRatio","BgRatio","pvalue","p.adjust","qvalue","geneID","Count"
"GO:0045926","BP","GO:0045926","negative regulation of growth","4/10","247/18870",5.65580625786302e-06,0.00570105270792592,0.00226232250314521,"TP53/BRCA1/PTEN/DAB2",4
"GO:1901990","BP","GO:1901990","regulation of mitotic cell cycle phase transition","4/10","355/18870",2.36483663532633e-05,0.0118990180013063,0.00472183254020092,"TP53/EGFR/BRCA1/PTEN",4
"GO:0001558","BP","GO:0001558","regulation of cell growth","4/10","417/18870",4.44211837185002e-05,0.0118990180013063,0.00472183254020092,"TP53/EGFR/BRCA1/DAB2",4
"GO:0009314","BP","GO:0009314","response to radiation","4/10","428/18870",4.91756042972933e-05,0.0118990180013063,0.00472183254020092,"TP53/EGFR/BRCA1/KRAS",4
"GO:1901987","BP","GO:1901987","regulation of cell cycle phase transition","4/10","456/18870",6.29607382608891e-05,0.0118990180013063,0.00472183254020092,"TP53/EGFR/BRCA1/PTEN",4
"GO:0044772","BP","GO:0044772","mitotic cell cycle phase transition","4/10","470/18870",7.08274881030138e-05,0.0118990180013063,0.00472183254020092,"TP53/EGFR/BRCA1/PTEN",4
"GO:0016049","BP","GO:0016049","cell growth","4/10","497/18870",8.80048355249551e-05,0.0126207027333254,0.00500821537036722,"TP53/EGFR/BRCA1/DAB2",4
"GO:2000045","BP","GO:2000045","regulation of G1/S transition of mitotic cell cycle","3/10","183/18870",0.000102407941881057,0.0126207027333254,0.00500821537036722,"TP53/EGFR/PTEN",3
"GO:0030308","BP","GO:0030308","negative regulation of cell growth","3/10","189/18870",0.000112684845833262,0.0126207027333254,0.00500821537036722,"TP53/BRCA1/DAB2",3
"GO:1901991","BP","GO:1901991","negative regulation of mitotic cell cycle phase transition","3/10","196/18870",0.000125500893785178,0.0126504900935459,0.00502003575140712,"TP53/BRCA1/PTEN",3
"GO:1902806","BP","GO:1902806","regulation of cell cycle G1/S phase transition","3/10","209/18870",0.000151759438722106,0.0133067806353839,0.00528046850610473,"TP53/EGFR/PTEN",3
"GO:0033144","BP","GO:0033144","negative regulation of intracellular steroid hormone receptor signaling pathway","2/10","37/18870",0.000166685731900985,0.0133067806353839,0.00528046850610473,"BRCA1/DAB2",2
"GO:0060251","BP","GO:0060251","regulation of glial cell proliferation","2/10","41/18870",0.00020499669653541,0.0133067806353839,0.00528046850610473,"TP53/KRAS",2
"GO:0048512","BP","GO:0048512","circadian behavior","2/10","42/18870",0.000215185678380831,0.0133067806353839,0.00528046850610473,"TP53/PTEN",2
"GO:0071364","BP","GO:0071364","cellular response to epidermal growth factor stimulus","2/10","42/18870",0.000215185678380831,0.0133067806353839,0.00528046850610473,"EGFR/DAB2",2
"GO:0007622","BP","GO:0007622","rhythmic behavior","2/10","44/18870",0.000236295663187516,0.0133067806353839,0.00528046850610473,"TP53/PTEN",2
"GO:0045930","BP","GO:0045930","negative regulation of mitotic cell cycle","3/10","248/18870",0.000251374151590783,0.0133067806353839,0.00528046850610473,"TP53/BRCA1/PTEN",3
"GO:0070849","BP","GO:0070849","response to epidermal growth factor","2/10","46/18870",0.000258380280090383,0.0133067806353839,0.00528046850610473,"EGFR/DAB2",2
"GO:0000082","BP","GO:0000082","G1/S transition of mitotic cell cycle","3/10","252/18870",0.000263490441604612,0.0133067806353839,0.00528046850610473,"TP53/EGFR/PTEN",3
"GO:2000378","BP","GO:2000378","negative regulation of reactive oxygen species metabolic process","2/10","49/18870",0.000293330980072636,0.0133067806353839,0.00528046850610473,"TP53/BRCA1",2
"GO:1902041","BP","GO:1902041","regulation of extrinsic apoptotic signaling pathway via death domain receptors","2/10","50/18870",0.000305466717539708,0.0133067806353839,0.00528046850610473,"BRCA1/PTEN",2
"GO:1902895","BP","GO:1902895","positive regulation of miRNA transcription","2/10","52/18870",0.00033046519644528,0.0133067806353839,0.00528046850610473,"TP53/EGFR",2
"GO:0007611","BP","GO:0007611","learning or memory","3/10","274/18870",0.000336943702880928,0.0133067806353839,0.00528046850610473,"EGFR/KRAS/PTEN",3
"GO:1901988","BP","GO:1901988","negative regulation of cell cycle phase transition","3/10","277/18870",0.000347881910613396,0.0133067806353839,0.00528046850610473,"TP53/BRCA1/PTEN",3
"GO:0006260","BP","GO:0006260","DNA replication","3/10","278/18870",0.000351578492889111,0.0133067806353839,0.00528046850610473,"TP53/EGFR/BRCA1",3
"GO:0044843","BP","GO:0044843","cell cycle G1/S phase transition","3/10","279/18870",0.000355300460122013,0.0133067806353839,0.00528046850610473,"TP53/EGFR/PTEN",3
"GO:2000772","BP","GO:2000772","regulation of cellular senescence","2/10","54/18870",0.000356431624162069,0.0133067806353839,0.00528046850610473,"TP53/PTEN",2
"GO:0014009","BP","GO:0014009","glial cell proliferation","2/10","59/18870",0.000425571540013762,0.014593602501018,0.00579111210357858,"TP53/KRAS",2
"GO:0070372","BP","GO:0070372","regulation of ERK1 and ERK2 cascade","3/10","313/18870",0.000497494734919103,0.014593602501018,0.00579111210357858,"EGFR/PTEN/DAB2",3
"GO:2000630","BP","GO:2000630","positive regulation of miRNA metabolic process","2/10","64/18870",0.000500724745111502,0.014593602501018,0.00579111210357858,"TP53/EGFR",2
"GO:0060070","BP","GO:0060070","canonical Wnt signaling pathway","3/10","316/18870",0.00051155365590436,0.014593602501018,0.00579111210357858,"EGFR/PTEN/DAB2",3
"GO:0050890","BP","GO:0050890","cognition","3/10","317/18870",0.000516296341856267,0.014593602501018,0.00579111210357858,"EGFR/KRAS/PTEN",3
"GO:0009416","BP","GO:0009416","response to light stimulus","3/10","318/18870",0.000521067339335221,0.014593602501018,0.00579111210357858,"TP53/EGFR/KRAS",3
"GO:0010948","BP","GO:0010948","negative regulation of cell cycle process","3/10","320/18870",0.00053069456111195,0.014593602501018,0.00579111210357858,"TP53/BRCA1/PTEN",3
"GO:0006081","BP","GO:0006081","cellular aldehyde metabolic process","2/10","70/18870",0.000598809657225599,0.014593602501018,0.00579111210357858,"ALDH1A1/DAB2",2
"GO:0071479","BP","GO:0071479","cellular response to ionizing radiation","2/10","70/18870",0.000598809657225599,0.014593602501018,0.00579111210357858,"TP53/BRCA1",2
"GO:1902893","BP","GO:1902893","regulation of miRNA transcription","2/10","70/18870",0.000598809657225599,0.014593602501018,0.00579111210357858,"TP53/EGFR",2
"GO:0071214","BP","GO:0071214","cellular response to abiotic stimulus","3/10","334/18870",0.000601313006906566,0.014593602501018,0.00579111210357858,"TP53/BRCA1/PTEN",3
"GO:0104004","BP","GO:0104004","cellular response to environmental stimulus","3/10","334/18870",0.000601313006906566,0.014593602501018,0.00579111210357858,"TP53/BRCA1/PTEN",3
"GO:0070371","BP","GO:0070371","ERK1 and ERK2 cascade","3/10","336/18870",0.000611869411857093,0.014593602501018,0.00579111210357858,"EGFR/PTEN/DAB2",3
"GO:0061614","BP","GO:0061614","miRNA transcription","2/10","71/18870",0.000615992239855551,0.014593602501018,0.00579111210357858,"TP53/EGFR",2
"GO:0062012","BP","GO:0062012","regulation of small molecule metabolic process","3/10","337/18870",0.000617192104066403,0.014593602501018,0.00579111210357858,"TP53/BRCA1/DAB2",3
"GO:0042063","BP","GO:0042063","gliogenesis","3/10","338/18870",0.000622544551134697,0.014593602501018,0.00579111210357858,"TP53/KRAS/PTEN",3
"GO:0033143","BP","GO:0033143","regulation of intracellular steroid hormone receptor signaling pathway","2/10","73/18870",0.000651071345641141,0.014915452645597,0.00591883041491946,"BRCA1/DAB2",2
"GO:0031589","BP","GO:0031589","cell-substrate adhesion","3/10","356/18870",0.000724057336658655,0.0158667867065556,0.00629634393117286,"PTEN/MSLN/DAB2",3
"GO:0070373","BP","GO:0070373","negative regulation of ERK1 and ERK2 cascade","2/10","77/18870",0.000724079552084879,0.0158667867065556,0.00629634393117286,"PTEN/DAB2",2
"GO:0000079","BP","GO:0000079","regulation of cyclin-dependent protein serine/threonine kinase activity","2/10","82/18870",0.000820666586419767,0.0174884439027809,0.0069398586915797,"EGFR/PTEN",2
"GO:0044773","BP","GO:0044773","mitotic DNA damage checkpoint signaling","2/10","83/18870",0.000840692177334815,0.0174884439027809,0.0069398586915797,"TP53/BRCA1",2
"GO:1904029","BP","GO:1904029","regulation of cyclin-dependent protein kinase activity","2/10","85/18870",0.000881449903751011,0.0174884439027809,0.0069398586915797,"EGFR/PTEN",2
"GO:0008625","BP","GO:0008625","extrinsic apoptotic signaling pathway via death domain receptors","2/10","86/18870",0.000902181629905362,0.0174884439027809,0.0069398586915797,"BRCA1/PTEN",2
"GO:2000134","BP","GO:2000134","negative regulation of G1/S transition of mitotic cell cycle","2/10","86/18870",0.000902181629905362,0.0174884439027809,0.0069398586915797,"TP53/PTEN",2
"GO:2000628","BP","GO:2000628","regulation of miRNA metabolic process","2/10","86/18870",0.000902181629905362,0.0174884439027809,0.0069398586915797,"TP53/EGFR",2
"GO:0044774","BP","GO:0044774","mitotic DNA integrity checkpoint signaling","2/10","87/18870",0.00092314832531796,0.0175572360739718,0.00696715717221102,"TP53/BRCA1",2
"GO:0050767","BP","GO:0050767","regulation of neurogenesis","3/10","390/18870",0.000943608954120076,0.0176140338102414,0.00698969595644501,"TP53/KRAS/PTEN",3
"GO:0048145","BP","GO:0048145","regulation of fibroblast proliferation","2/10","89/18870",0.000965785806490729,0.0177002198716846,0.00702389677447803,"TP53/EGFR",2
"GO:2001233","BP","GO:2001233","regulation of apoptotic signaling pathway","3/10","398/18870",0.00100078102857815,0.0179267445744871,0.00711378752955839,"TP53/BRCA1/PTEN",3
"GO:0050886","BP","GO:0050886","endocrine process","2/10","92/18870",0.00103149919178597,0.0179267445744871,0.00711378752955839,"KRAS/DAB2",2
"GO:0140747","BP","GO:0140747","regulation of ncRNA transcription","2/10","92/18870",0.00103149919178597,0.0179267445744871,0.00711378752955839,"TP53/EGFR",2
"GO:0030900","BP","GO:0030900","forebrain development","3/10","407/18870",0.00106769633639391,0.0179372984514177,0.00711797557595939,"EGFR/KRAS/PTEN",3
"GO:0045786","BP","GO:0045786","negative regulation of cell cycle","3/10","407/18870",0.00106769633639391,0.0179372984514177,0.00711797557595939,"TP53/BRCA1/PTEN",3
"GO:1902807","BP","GO:1902807","negative regulation of cell cycle G1/S phase transition","2/10","95/18870",0.00109931627979714,0.0181657509841888,0.00720863134293206,"TP53/PTEN",2
"GO:0008630","BP","GO:0008630","intrinsic apoptotic signaling pathway in response to DNA damage","2/10","102/18870",0.00126570635883313,0.0205779356403838,0.00816584747634277,"TP53/BRCA1",2
"GO:0010586","BP","GO:0010586","miRNA metabolic process","2/10","105/18870",0.00134049614302552,0.0214039741728538,0.00849364054478325,"TP53/EGFR",2
"GO:0034308","BP","GO:0034308","primary alcohol metabolic process","2/10","106/18870",0.00136588855200775,0.0214039741728538,0.00849364054478325,"ALDH1A1/DAB2",2
"GO:0048144","BP","GO:0048144","fibroblast proliferation","2/10","107/18870",0.00139151186434054,0.0214039741728538,0.00849364054478325,"TP53/EGFR",2
"GO:1903076","BP","GO:1903076","regulation of protein localization to plasma membrane","2/10","108/18870",0.00141736587792998,0.0214039741728538,0.00849364054478325,"EGFR/DAB2",2
"GO:0014013","BP","GO:0014013","regulation of gliogenesis","2/10","110/18870",0.00146976520107357,0.0214039741728538,0.00849364054478325,"TP53/KRAS",2
"GO:0031398","BP","GO:0031398","positive regulation of protein ubiquitination","2/10","110/18870",0.00146976520107357,0.0214039741728538,0.00849364054478325,"BRCA1/PTEN",2
"GO:0090398","BP","GO:0090398","cellular senescence","2/10","110/18870",0.00146976520107357,0.0214039741728538,0.00849364054478325,"TP53/PTEN",2
"GO:0010717","BP","GO:0010717","regulation of epithelial to mesenchymal transition","2/10","111/18870",0.00149631010701009,0.0214039741728538,0.00849364054478325,"PTEN/DAB2",2
"GO:0016055","BP","GO:0016055","Wnt signaling pathway","3/10","459/18870",0.00151049094159829,0.0214039741728538,0.00849364054478325,"EGFR/PTEN/DAB2",3
"GO:0198738","BP","GO:0198738","cell-cell signaling by wnt","3/10","461/18870",0.00152950492161463,0.0214039741728538,0.00849364054478325,"EGFR/PTEN/DAB2",3
"GO:2000060","BP","GO:2000060","positive regulation of ubiquitin-dependent protein catabolic process","2/10","113/18870",0.00155008939942294,0.0214039741728538,0.00849364054478325,"PTEN/DAB2",2
"GO:0051960","BP","GO:0051960","regulation of nervous system development","3/10","466/18870",0.00157770362696315,0.0214908818375521,0.00852812771331434,"TP53/KRAS/PTEN",3
"GO:0062014","BP","GO:0062014","negative regulation of small molecule metabolic process","2/10","115/18870",0.00160478665629774,0.0215683326606417,0.0085588621669213,"TP53/BRCA1",2
"GO:1902749","BP","GO:1902749","regulation of cell cycle G2/M phase transition","2/10","116/18870",0.00163247901823834,0.0216518269787402,0.0085919948328334,"TP53/BRCA1",2
"GO:0021782","BP","GO:0021782","glial cell development","2/10","122/18870",0.00180343279873352,0.0233059007836332,0.00924837332683856,"KRAS/PTEN",2
"GO:0030518","BP","GO:0030518","intracellular steroid hormone receptor signaling pathway","2/10","122/18870",0.00180343279873352,0.0233059007836332,0.00924837332683856,"BRCA1/DAB2",2
"GO:0006275","BP","GO:0006275","regulation of DNA replication","2/10","124/18870",0.00186224099921394,0.0237612522431349,0.00942906835045035,"TP53/EGFR",2
"GO:0000077","BP","GO:0000077","DNA damage checkpoint signaling","2/10","126/18870",0.00192195833210048,0.024216674984466,0.0096097916605024,"TP53/BRCA1",2
"GO:0045739","BP","GO:0045739","positive regulation of DNA repair","2/10","130/18870",0.00204411399717327,0.0254378630759341,0.0100943901094976,"EGFR/BRCA1",2
"GO:1903322","BP","GO:1903322","positive regulation of protein modification by small protein conjugation or removal","2/10","132/18870",0.00210654913492442,0.0258951405854124,0.0102758494386557,"BRCA1/PTEN",2
"GO:0031570","BP","GO:0031570","DNA integrity checkpoint signaling","2/10","135/18870",0.00220189398788573,0.0263370313352294,0.0104512029108053,"TP53/BRCA1",2
"GO:0098781","BP","GO:0098781","ncRNA transcription","2/10","136/18870",0.00223412604832467,0.0263370313352294,0.0104512029108053,"TP53/EGFR",2
"GO:1904375","BP","GO:1904375","regulation of protein localization to cell periphery","2/10","137/18870",0.00226658299871948,0.0263370313352294,0.0104512029108053,"EGFR/DAB2",2
"GO:0010212","BP","GO:0010212","response to ionizing radiation","2/10","138/18870",0.00229926464037717,0.0263370313352294,0.0104512029108053,"TP53/BRCA1",2
"GO:0033135","BP","GO:0033135","regulation of peptidyl-serine phosphorylation","2/10","138/18870",0.00229926464037717,0.0263370313352294,0.0104512029108053,"EGFR/PTEN",2
"GO:0043401","BP","GO:0043401","steroid hormone mediated signaling pathway","2/10","138/18870",0.00229926464037717,0.0263370313352294,0.0104512029108053,"BRCA1/DAB2",2
"GO:1903052","BP","GO:1903052","positive regulation of proteolysis involved in protein catabolic process","2/10","139/18870",0.00233217077471732,0.0264137993361243,0.0104816664032239,"PTEN/DAB2",2
"GO:0010977","BP","GO:0010977","negative regulation of neuron projection development","2/10","140/18870",0.00236530120327211,0.0264913734766477,0.0105124497923205,"PTEN/DAB2",2
"GO:0007093","BP","GO:0007093","mitotic cell cycle checkpoint signaling","2/10","142/18870",0.00243223414971678,0.0269416705814782,0.0106911391196342,"TP53/BRCA1",2
"GO:0010565","BP","GO:0010565","regulation of cellular ketone metabolic process","2/10","144/18870",0.0025000618942179,0.02739198249317,0.0108698343226865,"BRCA1/DAB2",2
"GO:2001235","BP","GO:2001235","positive regulation of apoptotic signaling pathway","2/10","145/18870",0.00253431082076463,0.0274686592186102,0.0109002615946866,"TP53/PTEN",2
"GO:0030177","BP","GO:0030177","positive regulation of Wnt signaling pathway","2/10","146/18870",0.0025687828530801,0.02754609697771,0.0109309908641706,"EGFR/DAB2",2
"GO:2000377","BP","GO:2000377","regulation of reactive oxygen species metabolic process","2/10","147/18870",0.00260347779348303,0.0276242696403252,0.0109620117620338,"TP53/BRCA1",2
"GO:0050768","BP","GO:0050768","negative regulation of neurogenesis","2/10","149/18870",0.00267353560838715,0.0280721238880651,0.0111397317016131,"TP53/PTEN",2
"GO:0009411","BP","GO:0009411","response to UV","2/10","152/18870",0.00278028920581563,0.0288920775202284,0.0114651101270747,"TP53/EGFR",2
"GO:0044839","BP","GO:0044839","cell cycle G2/M phase transition","2/10","155/18870",0.00288903832310112,0.0294156629261205,0.0116728821135399,"TP53/BRCA1",2
"GO:0051961","BP","GO:0051961","negative regulation of nervous system development","2/10","155/18870",0.00288903832310112,0.0294156629261205,0.0116728821135399,"TP53/PTEN",2
"GO:2001236","BP","GO:2001236","regulation of extrinsic apoptotic signaling pathway","2/10","158/18870",0.00299977764704213,0.0302377586821847,0.0119991105881685,"BRCA1/PTEN",2
"GO:1901875","BP","GO:1901875","positive regulation of post-translational protein modification","2/10","159/18870",0.00303713210614089,0.0303111798315843,0.0120282459649144,"BRCA1/PTEN",2
"GO:0120254","BP","GO:0120254","olefinic compound metabolic process","2/10","162/18870",0.003150516789618,0.0311345188621073,0.0123549678024235,"ALDH1A1/DAB2",2
"GO:0043409","BP","GO:0043409","negative regulation of MAPK cascade","2/10","176/18870",0.00370571153014222,0.0362656041008093,0.0143911127384164,"PTEN/DAB2",2
"GO:0001837","BP","GO:0001837","epithelial to mesenchymal transition","2/10","178/18870",0.00378850999732537,0.0363696959743235,0.01443241903743,"PTEN/DAB2",2
"GO:2000058","BP","GO:2000058","regulation of ubiquitin-dependent protein catabolic process","2/10","178/18870",0.00378850999732537,0.0363696959743235,0.01443241903743,"PTEN/DAB2",2
"GO:0071478","BP","GO:0071478","cellular response to radiation","2/10","181/18870",0.00391433202276879,0.0368752026070181,0.0146330169075469,"TP53/BRCA1",2
"GO:1905475","BP","GO:1905475","regulation of protein localization to membrane","2/10","181/18870",0.00391433202276879,0.0368752026070181,0.0146330169075469,"EGFR/DAB2",2
"GO:0042770","BP","GO:0042770","signal transduction in response to DNA damage","2/10","189/18870",0.00425934985776732,0.0393892170332978,0.0156306416798801,"TP53/BRCA1",2
"GO:0046890","BP","GO:0046890","regulation of lipid biosynthetic process","2/10","189/18870",0.00425934985776732,0.0393892170332978,0.0156306416798801,"BRCA1/DAB2",2
"GO:0021543","BP","GO:0021543","pallium development","2/10","191/18870",0.00434775331087614,0.039530486929292,0.0156867011624175,"EGFR/PTEN",2
"GO:0000075","BP","GO:0000075","cell cycle checkpoint signaling","2/10","192/18870",0.00439227632547689,0.039530486929292,0.0156867011624175,"TP53/BRCA1",2
"GO:0031345","BP","GO:0031345","negative regulation of cell projection organization","2/10","192/18870",0.00439227632547689,0.039530486929292,0.0156867011624175,"PTEN/DAB2",2
"GO:0009755","BP","GO:0009755","hormone-mediated signaling pathway","2/10","193/18870",0.00443701327531075,0.0395797290399401,0.0157062416825159,"BRCA1/DAB2",2
"GO:0031396","BP","GO:0031396","regulation of protein ubiquitination","2/10","200/18870",0.00475614595780922,0.0414641519430246,0.0164540285488193,"BRCA1/PTEN",2
"GO:0007623","BP","GO:0007623","circadian rhythm","2/10","204/18870",0.00494318448360511,0.0414641519430246,0.0164540285488193,"TP53/PTEN",2
"GO:0071383","BP","GO:0071383","cellular response to steroid hormone stimulus","2/10","208/18870",0.00513360913875352,0.0414641519430246,0.0164540285488193,"BRCA1/DAB2",2
"GO:0033212","BP","GO:0033212","iron import into cell","1/10","10/18870",0.00528805536617016,0.0414641519430246,0.0164540285488193,"STEAP2",1
"GO:0035066","BP","GO:0035066","positive regulation of histone acetylation","1/10","10/18870",0.00528805536617016,0.0414641519430246,0.0164540285488193,"BRCA1",1
"GO:0061418","BP","GO:0061418","regulation of transcription from RNA polymerase II promoter in response to hypoxia","1/10","10/18870",0.00528805536617016,0.0414641519430246,0.0164540285488193,"TP53",1
"GO:0097090","BP","GO:0097090","presynaptic membrane organization","1/10","10/18870",0.00528805536617016,0.0414641519430246,0.0164540285488193,"PTEN",1
"GO:1900543","BP","GO:1900543","negative regulation of purine nucleotide metabolic process","1/10","10/18870",0.00528805536617016,0.0414641519430246,0.0164540285488193,"TP53",1
"GO:1903799","BP","GO:1903799","negative regulation of miRNA processing","1/10","10/18870",0.00528805536617016,0.0414641519430246,0.0164540285488193,"TP53",1
"GO:0006282","BP","GO:0006282","regulation of DNA repair","2/10","215/18870",0.00547496341096167,0.0414641519430246,0.0164540285488193,"EGFR/BRCA1",2
"GO:0050821","BP","GO:0050821","protein stabilization","2/10","217/18870",0.00557438188336302,0.0414641519430246,0.0164540285488193,"TP53/PTEN",2
"GO:0010810","BP","GO:0010810","regulation of cell-substrate adhesion","2/10","220/18870",0.00572507779227938,0.0414641519430246,0.0164540285488193,"PTEN/DAB2",2
"GO:0006983","BP","GO:0006983","ER overload response","1/10","11/18870",0.00581547421274198,0.0414641519430246,0.0164540285488193,"TP53",1
"GO:0007406","BP","GO:0007406","negative regulation of neuroblast proliferation","1/10","11/18870",0.00581547421274198,0.0414641519430246,0.0164540285488193,"TP53",1
"GO:0032342","BP","GO:0032342","aldosterone biosynthetic process","1/10","11/18870",0.00581547421274198,0.0414641519430246,0.0164540285488193,"DAB2",1
"GO:0045980","BP","GO:0045980","negative regulation of nucleotide metabolic process","1/10","11/18870",0.00581547421274198,0.0414641519430246,0.0164540285488193,"TP53",1
"GO:0051095","BP","GO:0051095","regulation of helicase activity","1/10","11/18870",0.00581547421274198,0.0414641519430246,0.0164540285488193,"TP53",1
"GO:0062100","BP","GO:0062100","positive regulation of programmed necrotic cell death","1/10","11/18870",0.00581547421274198,0.0414641519430246,0.0164540285488193,"TP53",1
"GO:0085020","BP","GO:0085020","protein K6-linked ubiquitination","1/10","11/18870",0.00581547421274198,0.0414641519430246,0.0164540285488193,"BRCA1",1
"GO:0090394","BP","GO:0090394","negative regulation of excitatory postsynaptic potential","1/10","11/18870",0.00581547421274198,0.0414641519430246,0.0164540285488193,"PTEN",1
"GO:1901984","BP","GO:1901984","negative regulation of protein acetylation","1/10","11/18870",0.00581547421274198,0.0414641519430246,0.0164540285488193,"BRCA1",1
"GO:1990440","BP","GO:1990440","positive regulation of transcription from RNA polymerase II promoter in response to endoplasmic reticulum stress","1/10","11/18870",0.00581547421274198,0.0414641519430246,0.0164540285488193,"TP53",1
"GO:2000833","BP","GO:2000833","positive regulation of steroid hormone secretion","1/10","11/18870",0.00581547421274198,0.0414641519430246,0.0164540285488193,"DAB2",1
"GO:0051348","BP","GO:0051348","negative regulation of transferase activity","2/10","225/18870",0.00598040687220158,0.0414641519430246,0.0164540285488193,"TP53/PTEN",2
"GO:0042180","BP","GO:0042180","cellular ketone metabolic process","2/10","226/18870",0.00603209636980384,0.0414641519430246,0.0164540285488193,"BRCA1/DAB2",2
"GO:0007179","BP","GO:0007179","transforming growth factor beta receptor signaling pathway","2/10","229/18870",0.00618840882542196,0.0414641519430246,0.0164540285488193,"TP53/DAB2",2
"GO:0040029","BP","GO:0040029","epigenetic regulation of gene expression","2/10","229/18870",0.00618840882542196,0.0414641519430246,0.0164540285488193,"TP53/BRCA1",2
"GO:0097191","BP","GO:0097191","extrinsic apoptotic signaling pathway","2/10","229/18870",0.00618840882542196,0.0414641519430246,0.0164540285488193,"BRCA1/PTEN",2
"GO:0050730","BP","GO:0050730","regulation of peptidyl-tyrosine phosphorylation","2/10","231/18870",0.00629365187869878,0.0414641519430246,0.0164540285488193,"TP53/EGFR",2
"GO:0006705","BP","GO:0006705","mineralocorticoid biosynthetic process","1/10","12/18870",0.00634264136147022,0.0414641519430246,0.0164540285488193,"DAB2",1
"GO:0010749","BP","GO:0010749","regulation of nitric oxide mediated signal transduction","1/10","12/18870",0.00634264136147022,0.0414641519430246,0.0164540285488193,"EGFR",1
"GO:0010826","BP","GO:0010826","negative regulation of centrosome duplication","1/10","12/18870",0.00634264136147022,0.0414641519430246,0.0164540285488193,"BRCA1",1
"GO:0046606","BP","GO:0046606","negative regulation of centrosome cycle","1/10","12/18870",0.00634264136147022,0.0414641519430246,0.0164540285488193,"BRCA1",1
"GO:0060965","BP","GO:0060965","negative regulation of miRNA-mediated gene silencing","1/10","12/18870",0.00634264136147022,0.0414641519430246,0.0164540285488193,"TP53",1
"GO:0071236","BP","GO:0071236","cellular response to antibiotic","1/10","12/18870",0.00634264136147022,0.0414641519430246,0.0164540285488193,"TP53",1
"GO:0090306","BP","GO:0090306","meiotic spindle assembly","1/10","12/18870",0.00634264136147022,0.0414641519430246,0.0164540285488193,"PTEN",1
"GO:0043523","BP","GO:0043523","regulation of neuron apoptotic process","2/10","232/18870",0.00634658326492149,0.0414641519430246,0.0164540285488193,"TP53/KRAS",2
"GO:0072593","BP","GO:0072593","reactive oxygen species metabolic process","2/10","234/18870",0.00645306481549198,0.0414641519430246,0.0164540285488193,"TP53/BRCA1",2
"GO:1903050","BP","GO:1903050","regulation of proteolysis involved in protein catabolic process","2/10","235/18870",0.00650661460374658,0.0414641519430246,0.0164540285488193,"PTEN/DAB2",2
"GO:0071356","BP","GO:0071356","cellular response to tumor necrosis factor","2/10","238/18870",0.0066684977660965,0.0414641519430246,0.0164540285488193,"TP53/BRCA1",2
"GO:0007160","BP","GO:0007160","cell-matrix adhesion","2/10","239/18870",0.00672286946051272,0.0414641519430246,0.0164540285488193,"PTEN/MSLN",2
"GO:0042445","BP","GO:0042445","hormone metabolic process","2/10","241/18870",0.00683222768491431,0.0414641519430246,0.0164540285488193,"ALDH1A1/DAB2",2
"GO:0018410","BP","GO:0018410","C-terminal protein amino acid modification","1/10","13/18870",0.00686955691913205,0.0414641519430246,0.0164540285488193,"FOLH1",1
"GO:0032341","BP","GO:0032341","aldosterone metabolic process","1/10","13/18870",0.00686955691913205,0.0414641519430246,0.0164540285488193,"DAB2",1
"GO:0036462","BP","GO:0036462","TRAIL-activated apoptotic signaling pathway","1/10","13/18870",0.00686955691913205,0.0414641519430246,0.0164540285488193,"PTEN",1
"GO:0048853","BP","GO:0048853","forebrain morphogenesis","1/10","13/18870",0.00686955691913205,0.0414641519430246,0.0164540285488193,"PTEN",1
"GO:0060134","BP","GO:0060134","prepulse inhibition","1/10","13/18870",0.00686955691913205,0.0414641519430246,0.0164540285488193,"PTEN",1
"GO:0060149","BP","GO:0060149","negative regulation of post-transcriptional gene silencing","1/10","13/18870",0.00686955691913205,0.0414641519430246,0.0164540285488193,"TP53",1
"GO:0060967","BP","GO:0060967","negative regulation of gene silencing by regulatory ncRNA","1/10","13/18870",0.00686955691913205,0.0414641519430246,0.0164540285488193,"TP53",1
"GO:0061000","BP","GO:0061000","negative regulation of dendritic spine development","1/10","13/18870",0.00686955691913205,0.0414641519430246,0.0164540285488193,"PTEN",1
"GO:0061029","BP","GO:0061029","eyelid development in camera-type eye","1/10","13/18870",0.00686955691913205,0.0414641519430246,0.0164540285488193,"EGFR",1
"GO:0070234","BP","GO:0070234","positive regulation of T cell apoptotic process","1/10","13/18870",0.00686955691913205,0.0414641519430246,0.0164540285488193,"TP53",1
"GO:0071257","BP","GO:0071257","cellular response to electrical stimulus","1/10","13/18870",0.00686955691913205,0.0414641519430246,0.0164540285488193,"PTEN",1
"GO:1900369","BP","GO:1900369","negative regulation of post-transcriptional gene silencing by regulatory ncRNA","1/10","13/18870",0.00686955691913205,0.0414641519430246,0.0164540285488193,"TP53",1
"GO:1903320","BP","GO:1903320","regulation of protein modification by small protein conjugation or removal","2/10","243/18870",0.00694240444164457,0.0416544266498674,0.016529534384868,"BRCA1/PTEN",2
"GO:0051896","BP","GO:0051896","regulation of phosphatidylinositol 3-kinase/protein kinase B signal transduction","2/10","248/18870",0.00722141759514684,0.0417602438420757,0.016571525334157,"EGFR/PTEN",2
"GO:0008212","BP","GO:0008212","mineralocorticoid metabolic process","1/10","14/18870",0.00739622099246329,0.0417602438420757,0.016571525334157,"DAB2",1
"GO:0010225","BP","GO:0010225","response to UV-C","1/10","14/18870",0.00739622099246329,0.0417602438420757,0.016571525334157,"TP53",1
"GO:0034309","BP","GO:0034309","primary alcohol biosynthetic process","1/10","14/18870",0.00739622099246329,0.0417602438420757,0.016571525334157,"DAB2",1
"GO:0051547","BP","GO:0051547","regulation of keratinocyte migration","1/10","14/18870",0.00739622099246329,0.0417602438420757,0.016571525334157,"PTEN",1
"GO:0070141","BP","GO:0070141","response to UV-A","1/10","14/18870",0.00739622099246329,0.0417602438420757,0.016571525334157,"EGFR",1
"GO:0070243","BP","GO:0070243","regulation of thymocyte apoptotic process","1/10","14/18870",0.00739622099246329,0.0417602438420757,0.016571525334157,"TP53",1
"GO:1902043","BP","GO:1902043","positive regulation of extrinsic apoptotic signaling pathway via death domain receptors","1/10","14/18870",0.00739622099246329,0.0417602438420757,0.016571525334157,"PTEN",1
"GO:1905208","BP","GO:1905208","negative regulation of cardiocyte differentiation","1/10","14/18870",0.00739622099246329,0.0417602438420757,0.016571525334157,"EGFR",1
"GO:0010001","BP","GO:0010001","glial cell differentiation","2/10","252/18870",0.00744828909703169,0.0417602438420757,0.016571525334157,"KRAS/PTEN",2
"GO:0034599","BP","GO:0034599","cellular response to oxidative stress","2/10","255/18870",0.00762057047122207,0.0417602438420757,0.016571525334157,"TP53/EGFR",2
"GO:0034612","BP","GO:0034612","response to tumor necrosis factor","2/10","259/18870",0.00785310642730791,0.0417602438420757,0.016571525334157,"TP53/BRCA1",2
"GO:0032352","BP","GO:0032352","positive regulation of hormone metabolic process","1/10","15/18870",0.00792263368816104,0.0417602438420757,0.016571525334157,"DAB2",1
"GO:0033147","BP","GO:0033147","negative regulation of intracellular estrogen receptor signaling pathway","1/10","15/18870",0.00792263368816104,0.0417602438420757,0.016571525334157,"BRCA1",1
"GO:0045475","BP","GO:0045475","locomotor rhythm","1/10","15/18870",0.00792263368816104,0.0417602438420757,0.016571525334157,"PTEN",1
"GO:0045737","BP","GO:0045737","positive regulation of cyclin-dependent protein serine/threonine kinase activity","1/10","15/18870",0.00792263368816104,0.0417602438420757,0.016571525334157,"EGFR",1
"GO:0046348","BP","GO:0046348","amino sugar catabolic process","1/10","15/18870",0.00792263368816104,0.0417602438420757,0.016571525334157,"ALDH1A1",1
"GO:0060766","BP","GO:0060766","negative regulation of androgen receptor signaling pathway","1/10","15/18870",0.00792263368816104,0.0417602438420757,0.016571525334157,"DAB2",1
"GO:0090030","BP","GO:0090030","regulation of steroid hormone biosynthetic process","1/10","15/18870",0.00792263368816104,0.0417602438420757,0.016571525334157,"DAB2",1
"GO:1903651","BP","GO:1903651","positive regulation of cytoplasmic transport","1/10","15/18870",0.00792263368816104,0.0417602438420757,0.016571525334157,"DAB2",1
"GO:2000052","BP","GO:2000052","positive regulation of non-canonical Wnt signaling pathway","1/10","15/18870",0.00792263368816104,0.0417602438420757,0.016571525334157,"DAB2",1
"GO:0048762","BP","GO:0048762","mesenchymal cell differentiation","2/10","262/18870",0.00802962249589745,0.0417602438420757,0.016571525334157,"PTEN/DAB2",2
"GO:0060828","BP","GO:0060828","regulation of canonical Wnt signaling pathway","2/10","262/18870",0.00802962249589745,0.0417602438420757,0.016571525334157,"EGFR/DAB2",2
"GO:0034349","BP","GO:0034349","glial cell apoptotic process","1/10","16/18870",0.0084487951128821,0.0417602438420757,0.016571525334157,"TP53",1
"GO:0046184","BP","GO:0046184","aldehyde biosynthetic process","1/10","16/18870",0.0084487951128821,0.0417602438420757,0.016571525334157,"DAB2",1
"GO:0051895","BP","GO:0051895","negative regulation of focal adhesion assembly","1/10","16/18870",0.0084487951128821,0.0417602438420757,0.016571525334157,"PTEN",1
"GO:0070230","BP","GO:0070230","positive regulation of lymphocyte apoptotic process","1/10","16/18870",0.0084487951128821,0.0417602438420757,0.016571525334157,"TP53",1
"GO:0097091","BP","GO:0097091","synaptic vesicle clustering","1/10","16/18870",0.0084487951128821,0.0417602438420757,0.016571525334157,"PTEN",1
"GO:0150118","BP","GO:0150118","negative regulation of cell-substrate junction organization","1/10","16/18870",0.0084487951128821,0.0417602438420757,0.016571525334157,"PTEN",1
"GO:1901524","BP","GO:1901524","regulation of mitophagy","1/10","16/18870",0.0084487951128821,0.0417602438420757,0.016571525334157,"TP53",1
"GO:1903798","BP","GO:1903798","regulation of miRNA processing","1/10","16/18870",0.0084487951128821,0.0417602438420757,0.016571525334157,"TP53",1
"GO:2000095","BP","GO:2000095","regulation of Wnt signaling pathway, planar cell polarity pathway","1/10","16/18870",0.0084487951128821,0.0417602438420757,0.016571525334157,"DAB2",1
"GO:2000758","BP","GO:2000758","positive regulation of peptidyl-lysine acetylation","1/10","16/18870",0.0084487951128821,0.0417602438420757,0.016571525334157,"BRCA1",1
"GO:2000846","BP","GO:2000846","regulation of corticosteroid hormone secretion","1/10","16/18870",0.0084487951128821,0.0417602438420757,0.016571525334157,"DAB2",1
"GO:0018108","BP","GO:0018108","peptidyl-tyrosine phosphorylation","2/10","276/18870",0.00887717000601194,0.0417602438420757,0.016571525334157,"TP53/EGFR",2
"GO:0021537","BP","GO:0021537","telencephalon development","2/10","276/18870",0.00887717000601194,0.0417602438420757,0.016571525334157,"EGFR/PTEN",2
"GO:0032780","BP","GO:0032780","negative regulation of ATP-dependent activity","1/10","17/18870",0.00897470537324474,0.0417602438420757,0.016571525334157,"TP53",1
"GO:0048268","BP","GO:0048268","clathrin coat assembly","1/10","17/18870",0.00897470537324474,0.0417602438420757,0.016571525334157,"DAB2",1
"GO:0060253","BP","GO:0060253","negative regulation of glial cell proliferation","1/10","17/18870",0.00897470537324474,0.0417602438420757,0.016571525334157,"TP53",1
"GO:0070920","BP","GO:0070920","regulation of regulatory ncRNA processing","1/10","17/18870",0.00897470537324474,0.0417602438420757,0.016571525334157,"TP53",1
"GO:0090399","BP","GO:0090399","replicative senescence","1/10","17/18870",0.00897470537324474,0.0417602438420757,0.016571525334157,"TP53",1
"GO:0110096","BP","GO:0110096","cellular response to aldehyde","1/10","17/18870",0.00897470537324474,0.0417602438420757,0.016571525334157,"ALDH1A1",1
"GO:1901522","BP","GO:1901522","positive regulation of transcription from RNA polymerase II promoter involved in cellular response to chemical stimulus","1/10","17/18870",0.00897470537324474,0.0417602438420757,0.016571525334157,"TP53",1
"GO:0018212","BP","GO:0018212","peptidyl-tyrosine modification","2/10","278/18870",0.00900143034215502,0.0417602438420757,0.016571525334157,"TP53/EGFR",2
"GO:0051402","BP","GO:0051402","neuron apoptotic process","2/10","278/18870",0.00900143034215502,0.0417602438420757,0.016571525334157,"TP53/KRAS",2
"GO:0001894","BP","GO:0001894","tissue homeostasis","2/10","279/18870",0.00906385727271121,0.0417602438420757,0.016571525334157,"KRAS/ALDH1A1",2
"GO:0060249","BP","GO:0060249","anatomical structure homeostasis","2/10","279/18870",0.00906385727271121,0.0417602438420757,0.016571525334157,"KRAS/ALDH1A1",2
"GO:1901873","BP","GO:1901873","regulation of post-translational protein modification","2/10","284/18870",0.0093789522263571,0.0417602438420757,0.016571525334157,"BRCA1/PTEN",2
"GO:0071900","BP","GO:0071900","regulation of protein serine/threonine kinase activity","2/10","285/18870",0.00944256199722942,0.0417602438420757,0.016571525334157,"EGFR/PTEN",2
"GO:0006089","BP","GO:0006089","lactate metabolic process","1/10","18/18870",0.0095003645758257,0.0417602438420757,0.016571525334157,"TP53",1
"GO:0006825","BP","GO:0006825","copper ion transport","1/10","18/18870",0.0095003645758257,0.0417602438420757,0.016571525334157,"STEAP2",1
"GO:0006977","BP","GO:0006977","DNA damage response, signal transduction by p53 class mediator resulting in cell cycle arrest","1/10","18/18870",0.0095003645758257,0.0417602438420757,0.016571525334157,"TP53",1
"GO:0006978","BP","GO:0006978","DNA damage response, signal transduction by p53 class mediator resulting in transcription of p21 class mediator","1/10","18/18870",0.0095003645758257,0.0417602438420757,0.016571525334157,"TP53",1
"GO:0035065","BP","GO:0035065","regulation of histone acetylation","1/10","18/18870",0.0095003645758257,0.0417602438420757,0.016571525334157,"BRCA1",1
"GO:0036003","BP","GO:0036003","positive regulation of transcription from RNA polymerase II promoter in response to stress","1/10","18/18870",0.0095003645758257,0.0417602438420757,0.016571525334157,"TP53",1
"GO:0038083","BP","GO:0038083","peptidyl-tyrosine autophosphorylation","1/10","18/18870",0.0095003645758257,0.0417602438420757,0.016571525334157,"EGFR",1
"GO:0038128","BP","GO:0038128","ERBB2 signaling pathway","1/10","18/18870",0.0095003645758257,0.0417602438420757,0.016571525334157,"EGFR",1
"GO:0043217","BP","GO:0043217","myelin maintenance","1/10","18/18870",0.0095003645758257,0.0417602438420757,0.016571525334157,"PTEN",1
"GO:1904031","BP","GO:1904031","positive regulation of cyclin-dependent protein kinase activity","1/10","18/18870",0.0095003645758257,0.0417602438420757,0.016571525334157,"EGFR",1
"GO:1904666","BP","GO:1904666","regulation of ubiquitin protein ligase activity","1/10","18/18870",0.0095003645758257,0.0417602438420757,0.016571525334157,"PTEN",1
"GO:2000369","BP","GO:2000369","regulation of clathrin-dependent endocytosis","1/10","18/18870",0.0095003645758257,0.0417602438420757,0.016571525334157,"DAB2",1
"GO:0010721","BP","GO:0010721","negative regulation of cell development","2/10","287/18870",0.0095703708581293,0.0417602438420757,0.016571525334157,"TP53/PTEN",2
"GO:0071560","BP","GO:0071560","cellular response to transforming growth factor beta stimulus","2/10","287/18870",0.0095703708581293,0.0417602438420757,0.016571525334157,"TP53/DAB2",2
"GO:0043491","BP","GO:0043491","phosphatidylinositol 3-kinase/protein kinase B signal transduction","2/10","290/18870",0.00976355471237183,0.0417602438420757,0.016571525334157,"EGFR/PTEN",2
"GO:0072659","BP","GO:0072659","protein localization to plasma membrane","2/10","290/18870",0.00976355471237183,0.0417602438420757,0.016571525334157,"EGFR/DAB2",2
"GO:0071559","BP","GO:0071559","response to transforming growth factor beta","2/10","293/18870",0.00995849887179007,0.0417602438420757,0.016571525334157,"TP53/DAB2",2
"GO:0000212","BP","GO:0000212","meiotic spindle organization","1/10","19/18870",0.010025772827165,0.0417602438420757,0.016571525334157,"PTEN",1
"GO:0010663","BP","GO:0010663","positive regulation of striated muscle cell apoptotic process","1/10","19/18870",0.010025772827165,0.0417602438420757,0.016571525334157,"TP53",1
"GO:0010666","BP","GO:0010666","positive regulation of cardiac muscle cell apoptotic process","1/10","19/18870",0.010025772827165,0.0417602438420757,0.016571525334157,"TP53",1
"GO:0035930","BP","GO:0035930","corticosteroid hormone secretion","1/10","19/18870",0.010025772827165,0.0417602438420757,0.016571525334157,"DAB2",1
"GO:0042772","BP","GO:0042772","DNA damage response, signal transduction resulting in transcription","1/10","19/18870",0.010025772827165,0.0417602438420757,0.016571525334157,"TP53",1
"GO:0070314","BP","GO:0070314","G1 to G0 transition","1/10","19/18870",0.010025772827165,0.0417602438420757,0.016571525334157,"TP53",1
"GO:2000641","BP","GO:2000641","regulation of early endosome to late endosome transport","1/10","19/18870",0.010025772827165,0.0417602438420757,0.016571525334157,"DAB2",1
"GO:2000774","BP","GO:2000774","positive regulation of cellular senescence","1/10","19/18870",0.010025772827165,0.0417602438420757,0.016571525334157,"TP53",1
"GO:0018105","BP","GO:0018105","peptidyl-serine phosphorylation","2/10","295/18870",0.0100894371676267,0.0418524801027479,0.0166081270249,"EGFR/PTEN",2
"GO:0048511","BP","GO:0048511","rhythmic process","2/10","296/18870",0.0101551984276267,0.0419526230124905,0.0166478662747978,"TP53/PTEN",2
"GO:0090092","BP","GO:0090092","regulation of transmembrane receptor protein serine/threonine kinase signaling pathway","2/10","297/18870",0.0102211541871328,0.0420527486556322,0.0166875986728699,"TP53/DAB2",2
"GO:0051054","BP","GO:0051054","positive regulation of DNA metabolic process","2/10","298/18870",0.0102873042648656,0.0421528564999369,0.0167273240079115,"EGFR/BRCA1",2
"GO:0006098","BP","GO:0006098","pentose-phosphate shunt","1/10","20/18870",0.01055093023376,0.0422037209350399,0.0167475083075555,"TP53",1
"GO:0006700","BP","GO:0006700","C21-steroid hormone biosynthetic process","1/10","20/18870",0.01055093023376,0.0422037209350399,0.0167475083075555,"DAB2",1
"GO:0035020","BP","GO:0035020","regulation of Rac protein signal transduction","1/10","20/18870",0.01055093023376,0.0422037209350399,0.0167475083075555,"KRAS",1
"GO:0051546","BP","GO:0051546","keratinocyte migration","1/10","20/18870",0.01055093023376,0.0422037209350399,0.0167475083075555,"PTEN",1
"GO:0070242","BP","GO:0070242","thymocyte apoptotic process","1/10","20/18870",0.01055093023376,0.0422037209350399,0.0167475083075555,"TP53",1
"GO:2000269","BP","GO:2000269","regulation of fibroblast apoptotic process","1/10","20/18870",0.01055093023376,0.0422037209350399,0.0167475083075555,"TP53",1
"GO:0006302","BP","GO:0006302","double-strand break repair","2/10","307/18870",0.0108913694254774,0.0433932821378703,0.0172195564039168,"TP53/BRCA1",2
"GO:0018209","BP","GO:0018209","peptidyl-serine modification","2/10","308/18870",0.0109594527381852,0.0434926313389395,0.0172589806900554,"EGFR/PTEN",2
"GO:0010566","BP","GO:0010566","regulation of ketone biosynthetic process","1/10","21/18870",0.0110758369020709,0.0436111078019043,0.0173059951594858,"DAB2",1
"GO:0097107","BP","GO:0097107","postsynaptic density assembly","1/10","21/18870",0.0110758369020709,0.0436111078019043,0.0173059951594858,"PTEN",1
"GO:0062197","BP","GO:0062197","cellular response to chemical stress","2/10","317/18870",0.0115808358702336,0.0446309041298693,0.0177106762420116,"TP53/EGFR",2
"GO:0032042","BP","GO:0032042","mitochondrial DNA metabolic process","1/10","22/18870",0.0116004929385176,0.0446309041298693,0.0177106762420116,"TP53",1
"GO:0035313","BP","GO:0035313","wound healing, spreading of epidermal cells","1/10","22/18870",0.0116004929385176,0.0446309041298693,0.0177106762420116,"PTEN",1
"GO:0048169","BP","GO:0048169","regulation of long-term neuronal synaptic plasticity","1/10","22/18870",0.0116004929385176,0.0446309041298693,0.0177106762420116,"KRAS",1
"GO:0051443","BP","GO:0051443","positive regulation of ubiquitin-protein transferase activity","1/10","22/18870",0.0116004929385176,0.0446309041298693,0.0177106762420116,"PTEN",1
"GO:2000831","BP","GO:2000831","regulation of steroid hormone secretion","1/10","22/18870",0.0116004929385176,0.0446309041298693,0.0177106762420116,"DAB2",1
"GO:0097193","BP","GO:0097193","intrinsic apoptotic signaling pathway","2/10","319/18870",0.0117210234757997,0.0449231622190345,0.0178266516742201,"TP53/BRCA1",2
"GO:0006740","BP","GO:0006740","NADPH regeneration","1/10","23/18870",0.0121248984494801,0.0455141945105307,0.0180611882978296,"TP53",1
"GO:0010893","BP","GO:0010893","positive regulation of steroid biosynthetic process","1/10","23/18870",0.0121248984494801,0.0455141945105307,0.0180611882978296,"DAB2",1
"GO:0021542","BP","GO:0021542","dentate gyrus development","1/10","23/18870",0.0121248984494801,0.0455141945105307,0.0180611882978296,"PTEN",1
"GO:0046599","BP","GO:0046599","regulation of centriole replication","1/10","23/18870",0.0121248984494801,0.0455141945105307,0.0180611882978296,"BRCA1",1
"GO:0060252","BP","GO:0060252","positive regulation of glial cell proliferation","1/10","23/18870",0.0121248984494801,0.0455141945105307,0.0180611882978296,"KRAS",1
"GO:0031647","BP","GO:0031647","regulation of protein stability","2/10","325/18870",0.0121461491302904,0.0455141945105307,0.0180611882978296,"TP53/PTEN",2
"GO:0060485","BP","GO:0060485","mesenchyme development","2/10","327/18870",0.0122893738646617,0.0458803290947369,0.0182064797994988,"PTEN/DAB2",2
"GO:0048545","BP","GO:0048545","response to steroid hormone","2/10","330/18870",0.012505627485044,0.0460297688434261,0.0182657812870738,"BRCA1/DAB2",2
"GO:0009651","BP","GO:0009651","response to salt stress","1/10","24/18870",0.0126490535412986,0.0460297688434261,0.0182657812870738,"TP53",1
"GO:0045736","BP","GO:0045736","negative regulation of cyclin-dependent protein serine/threonine kinase activity","1/10","24/18870",0.0126490535412986,0.0460297688434261,0.0182657812870738,"PTEN",1
"GO:0046885","BP","GO:0046885","regulation of hormone biosynthetic process","1/10","24/18870",0.0126490535412986,0.0460297688434261,0.0182657812870738,"DAB2",1
"GO:0060571","BP","GO:0060571","morphogenesis of an epithelial fold","1/10","24/18870",0.0126490535412986,0.0460297688434261,0.0182657812870738,"EGFR",1
"GO:1904030","BP","GO:1904030","negative regulation of cyclin-dependent protein kinase activity","1/10","24/18870",0.0126490535412986,0.0460297688434261,0.0182657812870738,"PTEN",1
"GO:2000001","BP","GO:2000001","regulation of DNA damage checkpoint","1/10","24/18870",0.0126490535412986,0.0460297688434261,0.0182657812870738,"BRCA1",1
"GO:0046394","BP","GO:0046394","carboxylic acid biosynthetic process","2/10","334/18870",0.012796602342725,0.0462379919471793,0.0183484095028489,"BRCA1/ALDH1A1",2
"GO:0016053","BP","GO:0016053","organic acid biosynthetic process","2/10","337/18870",0.0130168047936509,0.0462379919471793,0.0183484095028489,"BRCA1/ALDH1A1",2
"GO:0030111","BP","GO:0030111","regulation of Wnt signaling pathway","2/10","338/18870",0.0130905801522373,0.0462379919471793,0.0183484095028489,"EGFR/DAB2",2
"GO:0008156","BP","GO:0008156","negative regulation of DNA replication","1/10","25/18870",0.0131729583202747,0.0462379919471793,0.0183484095028489,"TP53",1
"GO:0018200","BP","GO:0018200","peptidyl-glutamic acid modification","1/10","25/18870",0.0131729583202747,0.0462379919471793,0.0183484095028489,"FOLH1",1
"GO:0043153","BP","GO:0043153","entrainment of circadian clock by photoperiod","1/10","25/18870",0.0131729583202747,0.0462379919471793,0.0183484095028489,"TP53",1
"GO:0090200","BP","GO:0090200","positive regulation of release of cytochrome c from mitochondria","1/10","25/18870",0.0131729583202747,0.0462379919471793,0.0183484095028489,"TP53",1
"GO:1901985","BP","GO:1901985","positive regulation of protein acetylation","1/10","25/18870",0.0131729583202747,0.0462379919471793,0.0183484095028489,"BRCA1",1
"GO:2000178","BP","GO:2000178","negative regulation of neural precursor cell proliferation","1/10","25/18870",0.0131729583202747,0.0462379919471793,0.0183484095028489,"TP53",1
"GO:2000773","BP","GO:2000773","negative regulation of cellular senescence","1/10","25/18870",0.0131729583202747,0.0462379919471793,0.0183484095028489,"PTEN",1
"GO:0007265","BP","GO:0007265","Ras protein signal transduction","2/10","341/18870",0.0133130273747035,0.0462379919471793,0.0183484095028489,"TP53/KRAS",2
"GO:0019216","BP","GO:0019216","regulation of lipid metabolic process","2/10","342/18870",0.0133875495750858,0.0462379919471793,0.0183484095028489,"BRCA1/DAB2",2
"GO:0006760","BP","GO:0006760","folic acid-containing compound metabolic process","1/10","26/18870",0.0136966128926705,0.0462379919471793,0.0183484095028489,"FOLH1",1
"GO:0044346","BP","GO:0044346","fibroblast apoptotic process","1/10","26/18870",0.0136966128926705,0.0462379919471793,0.0183484095028489,"TP53",1
"GO:0045717","BP","GO:0045717","negative regulation of fatty acid biosynthetic process","1/10","26/18870",0.0136966128926705,0.0462379919471793,0.0183484095028489,"BRCA1",1
"GO:0060333","BP","GO:0060333","type II interferon-mediated signaling pathway","1/10","26/18870",0.0136966128926705,0.0462379919471793,0.0183484095028489,"TP53",1
"GO:0060391","BP","GO:0060391","positive regulation of SMAD protein signal transduction","1/10","26/18870",0.0136966128926705,0.0462379919471793,0.0183484095028489,"DAB2",1
"GO:2000050","BP","GO:2000050","regulation of non-canonical Wnt signaling pathway","1/10","26/18870",0.0136966128926705,0.0462379919471793,0.0183484095028489,"DAB2",1
"GO:0009895","BP","GO:0009895","negative regulation of catabolic process","2/10","349/18870",0.0139144106249418,0.0462379919471793,0.0183484095028489,"TP53/EGFR",2
"GO:0045862","BP","GO:0045862","positive regulation of proteolysis","2/10","350/18870",0.013990418038874,0.0462379919471793,0.0183484095028489,"PTEN/DAB2",2
"GO:0030522","BP","GO:0030522","intracellular receptor signaling pathway","2/10","353/18870",0.014219548735894,0.0462379919471793,0.0183484095028489,"BRCA1/DAB2",2
"GO:1990778","BP","GO:1990778","protein localization to cell periphery","2/10","353/18870",0.014219548735894,0.0462379919471793,0.0183484095028489,"EGFR/DAB2",2
"GO:0001964","BP","GO:0001964","startle response","1/10","27/18870",0.0142200173647079,0.0462379919471793,0.0183484095028489,"PTEN",1
"GO:0006007","BP","GO:0006007","glucose catabolic process","1/10","27/18870",0.0142200173647079,0.0462379919471793,0.0183484095028489,"TP53",1
"GO:0022010","BP","GO:0022010","central nervous system myelination","1/10","27/18870",0.0142200173647079,0.0462379919471793,0.0183484095028489,"PTEN",1
"GO:0032291","BP","GO:0032291","axon ensheathment in central nervous system","1/10","27/18870",0.0142200173647079,0.0462379919471793,0.0183484095028489,"PTEN",1
"GO:0035929","BP","GO:0035929","steroid hormone secretion","1/10","27/18870",0.0142200173647079,0.0462379919471793,0.0183484095028489,"DAB2",1
"GO:0042059","BP","GO:0042059","negative regulation of epidermal growth factor receptor signaling pathway","1/10","27/18870",0.0142200173647079,0.0462379919471793,0.0183484095028489,"EGFR",1
"GO:0045940","BP","GO:0045940","positive regulation of steroid metabolic process","1/10","27/18870",0.0142200173647079,0.0462379919471793,0.0183484095028489,"DAB2",1
"GO:0046856","BP","GO:0046856","phosphatidylinositol dephosphorylation","1/10","27/18870",0.0142200173647079,0.0462379919471793,0.0183484095028489,"PTEN",1
"GO:0071480","BP","GO:0071480","cellular response to gamma radiation","1/10","27/18870",0.0142200173647079,0.0462379919471793,0.0183484095028489,"TP53",1
"GO:0098698","BP","GO:0098698","postsynaptic specialization assembly","1/10","27/18870",0.0142200173647079,0.0462379919471793,0.0183484095028489,"PTEN",1
"GO:1902932","BP","GO:1902932","positive regulation of alcohol biosynthetic process","1/10","27/18870",0.0142200173647079,0.0462379919471793,0.0183484095028489,"DAB2",1
"GO:0007202","BP","GO:0007202","activation of phospholipase C activity","1/10","28/18870",0.0147431718425696,0.0464409913040941,0.018428964803212,"EGFR",1
"GO:0009648","BP","GO:0009648","photoperiodism","1/10","28/18870",0.0147431718425696,0.0464409913040941,0.018428964803212,"TP53",1
"GO:0060479","BP","GO:0060479","lung cell differentiation","1/10","28/18870",0.0147431718425696,0.0464409913040941,0.018428964803212,"KRAS",1
"GO:0060487","BP","GO:0060487","lung epithelial cell differentiation","1/10","28/18870",0.0147431718425696,0.0464409913040941,0.018428964803212,"KRAS",1
"GO:0060964","BP","GO:0060964","regulation of miRNA-mediated gene silencing","1/10","28/18870",0.0147431718425696,0.0464409913040941,0.018428964803212,"TP53",1
"GO:0120255","BP","GO:0120255","olefinic compound biosynthetic process","1/10","28/18870",0.0147431718425696,0.0464409913040941,0.018428964803212,"DAB2",1
"GO:1903077","BP","GO:1903077","negative regulation of protein localization to plasma membrane","1/10","28/18870",0.0147431718425696,0.0464409913040941,0.018428964803212,"DAB2",1
"GO:2000108","BP","GO:2000108","positive regulation of leukocyte apoptotic process","1/10","28/18870",0.0147431718425696,0.0464409913040941,0.018428964803212,"TP53",1
"GO:2000647","BP","GO:2000647","negative regulation of stem cell proliferation","1/10","28/18870",0.0147431718425696,0.0464409913040941,0.018428964803212,"TP53",1
"GO:2000756","BP","GO:2000756","regulation of peptidyl-lysine acetylation","1/10","28/18870",0.0147431718425696,0.0464409913040941,0.018428964803212,"BRCA1",1
"GO:0010639","BP","GO:0010639","negative regulation of organelle organization","2/10","363/18870",0.0149952728051541,0.0469152592800574,0.0186171663809752,"TP53/BRCA1",2
"GO:0042176","BP","GO:0042176","regulation of protein catabolic process","2/10","364/18870",0.0150738523052303,0.0469152592800574,0.0186171663809752,"EGFR/DAB2",2
"GO:0010165","BP","GO:0010165","response to X-ray","1/10","29/18870",0.0152660764323996,0.0469152592800574,0.0186171663809752,"TP53",1
"GO:0031571","BP","GO:0031571","mitotic G1 DNA damage checkpoint signaling","1/10","29/18870",0.0152660764323996,0.0469152592800574,0.0186171663809752,"TP53",1
"GO:0044819","BP","GO:0044819","mitotic G1/S transition checkpoint signaling","1/10","29/18870",0.0152660764323996,0.0469152592800574,0.0186171663809752,"TP53",1
"GO:0051156","BP","GO:0051156","glucose 6-phosphate metabolic process","1/10","29/18870",0.0152660764323996,0.0469152592800574,0.0186171663809752,"TP53",1
"GO:0060765","BP","GO:0060765","regulation of androgen receptor signaling pathway","1/10","29/18870",0.0152660764323996,0.0469152592800574,0.0186171663809752,"DAB2",1
"GO:1900368","BP","GO:1900368","regulation of post-transcriptional gene silencing by regulatory ncRNA","1/10","29/18870",0.0152660764323996,0.0469152592800574,0.0186171663809752,"TP53",1
"GO:0000002","BP","GO:0000002","mitochondrial genome maintenance","1/10","30/18870",0.0157887312403012,0.0470874834082305,0.0186855092889804,"TP53",1
"GO:0007263","BP","GO:0007263","nitric oxide mediated signal transduction","1/10","30/18870",0.0157887312403012,0.0470874834082305,0.0186855092889804,"EGFR",1
"GO:0009649","BP","GO:0009649","entrainment of circadian clock","1/10","30/18870",0.0157887312403012,0.0470874834082305,0.0186855092889804,"TP53",1
"GO:0010575","BP","GO:0010575","positive regulation of vascular endothelial growth factor production","1/10","30/18870",0.0157887312403012,0.0470874834082305,0.0186855092889804,"BRCA1",1
"GO:0033137","BP","GO:0033137","negative regulation of peptidyl-serine phosphorylation","1/10","30/18870",0.0157887312403012,0.0470874834082305,0.0186855092889804,"PTEN",1
"GO:0060147","BP","GO:0060147","regulation of post-transcriptional gene silencing","1/10","30/18870",0.0157887312403012,0.0470874834082305,0.0186855092889804,"TP53",1
"GO:0060441","BP","GO:0060441","epithelial tube branching involved in lung morphogenesis","1/10","30/18870",0.0157887312403012,0.0470874834082305,0.0186855092889804,"KRAS",1
"GO:1900117","BP","GO:1900117","regulation of execution phase of apoptosis","1/10","30/18870",0.0157887312403012,0.0470874834082305,0.0186855092889804,"TP53",1
"GO:1904376","BP","GO:1904376","negative regulation of protein localization to cell periphery","1/10","30/18870",0.0157887312403012,0.0470874834082305,0.0186855092889804,"DAB2",1
"GO:0006066","BP","GO:0006066","alcohol metabolic process","2/10","373/18870",0.0157892553491884,0.0470874834082305,0.0186855092889804,"ALDH1A1/DAB2",2
"GO:0045936","BP","GO:0045936","negative regulation of phosphate metabolic process","2/10","376/18870",0.0160309844930038,0.0476568854009217,0.0189114624606832,"TP53/PTEN",2
"GO:0010563","BP","GO:0010563","negative regulation of phosphorus metabolic process","2/10","377/18870",0.0161119217559933,0.0476568854009217,0.0189114624606832,"TP53/PTEN",2
"GO:0009048","BP","GO:0009048","dosage compensation by inactivation of X chromosome","1/10","31/18870",0.0163111363723393,0.0476568854009217,0.0189114624606832,"BRCA1",1
"GO:0034755","BP","GO:0034755","iron ion transmembrane transport","1/10","31/18870",0.0163111363723393,0.0476568854009217,0.0189114624606832,"STEAP2",1
"GO:0050999","BP","GO:0050999","regulation of nitric-oxide synthase activity","1/10","31/18870",0.0163111363723393,0.0476568854009217,0.0189114624606832,"EGFR",1
"GO:0060966","BP","GO:0060966","regulation of gene silencing by regulatory ncRNA","1/10","31/18870",0.0163111363723393,0.0476568854009217,0.0189114624606832,"TP53",1
"GO:1902042","BP","GO:1902042","negative regulation of extrinsic apoptotic signaling pathway via death domain receptors","1/10","31/18870",0.0163111363723393,0.0476568854009217,0.0189114624606832,"BRCA1",1
"GO:0002360","BP","GO:0002360","T cell lineage commitment","1/10","32/18870",0.0168332919345391,0.0479320855085181,0.0190206688525865,"TP53",1
"GO:0007435","BP","GO:0007435","salivary gland morphogenesis","1/10","32/18870",0.0168332919345391,0.0479320855085181,0.0190206688525865,"EGFR",1
"GO:0016242","BP","GO:0016242","negative regulation of macroautophagy","1/10","32/18870",0.0168332919345391,0.0479320855085181,0.0190206688525865,"TP53",1
"GO:0042558","BP","GO:0042558","pteridine-containing compound metabolic process","1/10","32/18870",0.0168332919345391,0.0479320855085181,0.0190206688525865,"FOLH1",1
"GO:1901185","BP","GO:1901185","negative regulation of ERBB signaling pathway","1/10","32/18870",0.0168332919345391,0.0479320855085181,0.0190206688525865,"EGFR",1
"GO:1901889","BP","GO:1901889","negative regulation of cell junction assembly","1/10","32/18870",0.0168332919345391,0.0479320855085181,0.0190206688525865,"PTEN",1
"GO:1903649","BP","GO:1903649","regulation of cytoplasmic transport","1/10","32/18870",0.0168332919345391,0.0479320855085181,0.0190206688525865,"DAB2",1
"GO:1904861","BP","GO:1904861","excitatory synapse assembly","1/10","32/18870",0.0168332919345391,0.0479320855085181,0.0190206688525865,"PTEN",1
"GO:2000463","BP","GO:2000463","positive regulation of excitatory postsynaptic potential","1/10","32/18870",0.0168332919345391,0.0479320855085181,0.0190206688525865,"PTEN",1
"GO:0001701","BP","GO:0001701","in utero embryonic development","2/10","392/18870",0.0173475023419154,0.0488660324501355,0.0193912827183077,"TP53/EGFR",2
"GO:0007549","BP","GO:0007549","dosage compensation","1/10","33/18870",0.0173551980328854,0.0488660324501355,0.0193912827183077,"BRCA1",1
"GO:0043618","BP","GO:0043618","regulation of transcription from RNA polymerase II promoter in response to stress","1/10","33/18870",0.0173551980328854,0.0488660324501355,0.0193912827183077,"TP53",1
"GO:1905207","BP","GO:1905207","regulation of cardiocyte differentiation","1/10","33/18870",0.0173551980328854,0.0488660324501355,0.0193912827183077,"EGFR",1
"GO:0006301","BP","GO:0006301","postreplication repair","1/10","34/18870",0.0178768547733257,0.0497786453356693,0.0197534306887577,"BRCA1",1
"GO:0007431","BP","GO:0007431","salivary gland development","1/10","34/18870",0.0178768547733257,0.0497786453356693,0.0197534306887577,"EGFR",1
"GO:0010661","BP","GO:0010661","positive regulation of muscle cell apoptotic process","1/10","34/18870",0.0178768547733257,0.0497786453356693,0.0197534306887577,"TP53",1
"GO:0060074","BP","GO:0060074","synapse maturation","1/10","34/18870",0.0178768547733257,0.0497786453356693,0.0197534306887577,"PTEN",1
"GO:0030136","CC","GO:0030136","clathrin-coated vesicle","3/10","212/19886",0.000135648820745571,0.0100380127351723,0.00571152929455037,"EGFR/DAB2/STEAP2",3
"GO:0030135","CC","GO:0030135","coated vesicle","3/10","311/19886",0.000419024122616589,0.0125644487645168,0.00714904623870091,"EGFR/DAB2/STEAP2",3
"GO:0043073","CC","GO:0043073","germ cell nucleus","2/10","68/19886",0.00050936954450744,0.0125644487645168,0.00714904623870091,"TP53/BRCA1",2
"GO:0005925","CC","GO:0005925","focal adhesion","3/10","421/19886",0.00101201218949383,0.0160305104706295,0.00912120083677356,"EGFR/KRAS/DAB2",3
"GO:0030055","CC","GO:0030055","cell-substrate junction","3/10","431/19886",0.00108314259936686,0.0160305104706295,0.00912120083677356,"EGFR/KRAS/DAB2",3
"GO:0016605","CC","GO:0016605","PML body","2/10","109/19886",0.00130173102201614,0.0160546826048657,0.00913495454046411,"TP53/PTEN",2
"GO:0030665","CC","GO:0030665","clathrin-coated vesicle membrane","2/10","136/19886",0.00201556415684534,0.0213073925152222,0.0121236941765133,"EGFR/DAB2",2
"GO:0009898","CC","GO:0009898","cytoplasmic side of plasma membrane","2/10","173/19886",0.00323433789588678,0.0299176255369527,0.0170228310309831,"KRAS/PTEN",2
"GO:0030662","CC","GO:0030662","coated vesicle membrane","2/10","203/19886",0.00442140947275431,0.0352788218670206,0.0200732983596134,"EGFR/DAB2",2
"GO:0098562","CC","GO:0098562","cytoplasmic side of membrane","2/10","211/19886",0.00476740836040819,0.0352788218670206,0.0200732983596134,"KRAS/PTEN",2
"GO:0043220","CC","GO:0043220","Schmidt-Lanterman incisure","1/10","11/19886",0.00551902689799466,0.0371279991319641,0.0211254618105059,"PTEN",1
"GO:0000800","CC","GO:0000800","lateral element","1/10","14/19886",0.00701945056571818,0.0395584306411907,0.0225083531386576,"BRCA1",1
"GO:0043218","CC","GO:0043218","compact myelin","1/10","14/19886",0.00701945056571818,0.0395584306411907,0.0225083531386576,"PTEN",1
"GO:0001741","CC","GO:0001741","XY body","1/10","15/19886",0.0075191388454261,0.0395584306411907,0.0225083531386576,"BRCA1",1
"GO:0000930","CC","GO:0000930","gamma-tubulin complex","1/10","16/19886",0.00801860080564676,0.0395584306411907,0.0225083531386576,"BRCA1",1
"GO:0031625","MF","GO:0031625","ubiquitin protein ligase binding","3/10","308/18496",0.000503130908020675,0.0209713612139088,0.00904028603707348,"TP53/EGFR/BRCA1",3
"GO:0002039","MF","GO:0002039","p53 binding","2/10","66/18496",0.00055401288302277,0.0209713612139088,0.00904028603707348,"TP53/BRCA1",2
"GO:0044389","MF","GO:0044389","ubiquitin-like protein ligase binding","3/10","327/18496",0.000599181748968824,0.0209713612139088,0.00904028603707348,"TP53/EGFR/BRCA1",3
"GO:0042562","MF","GO:0042562","hormone binding","2/10","85/18496",0.000917022697571352,0.024071845811248,0.0103768357883074,"EGFR/ALDH1A1",2
"GO:0002020","MF","GO:0002020","protease binding","2/10","142/18496",0.00252956685350065,0.0442674199362613,0.0190826973158821,"TP53/PTEN",2
"GO:0019903","MF","GO:0019903","protein phosphatase binding","2/10","142/18496",0.00252956685350065,0.0442674199362613,0.0190826973158821,"TP53/EGFR",2
